<?xml version="1.0" encoding="UTF-8"?>
<project-private xmlns="http://www.netbeans.org/ns/project-private/1">
    <editor-bookmarks xmlns="http://www.netbeans.org/ns/editor-bookmarks/2" lastBookmarkId="0"/>
    <open-files xmlns="http://www.netbeans.org/ns/projectui-open-files/2">
        <group>
            <file>file:/C:/Users/Abinash/OneDrive/Desktop/MR2/src/Channel.java</file>
            <file>file:/C:/Users/Abinash/OneDrive/Desktop/MR2/src/viewDoctor.java</file>
            <file>file:/C:/Users/Abinash/OneDrive/Desktop/MR2/src/Doctor.java</file>
            <file>file:/C:/Users/Abinash/OneDrive/Desktop/MR2/src/viewchannel.java</file>
            <file>file:/C:/Users/Abinash/OneDrive/Desktop/MR2/src/report.java</file>
            <file>file:/C:/Users/Abinash/OneDrive/Desktop/MR2/src/pres.java</file>
            <file>file:/C:/Users/Abinash/OneDrive/Desktop/MR2/src/prr.java</file>
            <file>file:/C:/Users/Abinash/OneDrive/Desktop/MR2/src/Patient.java</file>
            <file>file:/C:/Users/Abinash/OneDrive/Desktop/MR2/src/login.java</file>
            <file>file:/C:/Users/Abinash/OneDrive/Desktop/MR2/src/Database.java</file>
            <file>file:/C:/Users/Abinash/OneDrive/Desktop/MR2/src/Prescription1.java</file>
            <file>file:/C:/Users/Abinash/OneDrive/Desktop/MR2/src/User.java</file>
        </group>
    </open-files>
</project-private>
